2,6.30158e+07
3,1.32288e+08
4,1.664e+08
5,1.76704e+08
6,1.79748e+08
7,1.81767e+08
8,1.88235e+08
9,1.91662e+08
10,1.94593e+08
11,1.96685e+08
12,1.95921e+08
13,1.88359e+08
14,2.34746e+08
15,1.66265e+08
16,2.32238e+08
17,2.39172e+08
18,2.45699e+08
19,2.46169e+08
20,5.8134e+08
21,5.93153e+08
22,5.80797e+08
23,6.00483e+08
24,6.07554e+08
25,5.98006e+08
26,5.15566e+08
27,2.36095e+08
28,2.63689e+08
29,3.01271e+08
30,3.00857e+08
31,3.0184e+08
32,3.68925e+08
33,6.06218e+08
34,3.06011e+08
35,3.83683e+08
36,5.97452e+08
37,5.78656e+08
38,6.00669e+08
39,5.98178e+08
40,5.82743e+08
41,5.68096e+08
42,5.68419e+08
43,5.49208e+08
44,5.63363e+08
45,5.65891e+08
46,5.63966e+08
47,5.23148e+08
48,5.39939e+08
49,5.32978e+08
50,5.3563e+08
51,5.39436e+08
52,5.52291e+08
53,5.72484e+08
54,5.75192e+08
55,5.79404e+08
56,5.93155e+08
57,5.98682e+08
58,6.15563e+08
59,6.29542e+08
60,6.42929e+08
61,6.50538e+08
62,6.81676e+08
63,6.7988e+08
64,6.86744e+08
65,7.0121e+08
66,6.85132e+08
67,6.95745e+08
68,6.87265e+08
69,6.74481e+08
70,6.92601e+08
71,7.10395e+08
72,7.29328e+08
73,7.42607e+08
74,7.47007e+08
75,7.53656e+08
76,7.49284e+08
77,7.55047e+08
78,7.21276e+08
79,7.40545e+08
80,7.52997e+08
81,7.3886e+08
82,7.63472e+08
83,7.49995e+08
84,7.44177e+08
85,7.56706e+08
86,7.52099e+08
87,7.5902e+08
88,7.55022e+08
89,7.41261e+08
90,7.45864e+08
91,7.641e+08
92,7.6231e+08
93,7.44238e+08
94,7.43589e+08
95,7.63008e+08
96,7.65007e+08
97,7.62169e+08
98,7.63955e+08
99,7.70867e+08
100,7.68881e+08
101,7.767e+08
102,7.70618e+08
103,7.69213e+08
104,7.67504e+08
105,7.70124e+08
106,7.70793e+08
107,7.79024e+08
108,7.78798e+08
109,3.34381e+08
110,7.38148e+08
111,7.44347e+08
112,7.62045e+08
113,7.57745e+08
114,7.57141e+08
115,7.69615e+08
116,7.54833e+08
117,7.73183e+08
118,7.76918e+08
119,7.76374e+08
120,7.80127e+08
121,7.81575e+08
122,7.67981e+08
123,7.72334e+08
124,7.75606e+08
125,7.79238e+08
126,7.66923e+08
127,7.57318e+08
128,7.83342e+08
129,7.73723e+08
130,7.7942e+08
131,7.75369e+08
132,7.6189e+08
133,7.74016e+08
134,7.75403e+08
135,7.75992e+08
136,7.73735e+08
137,7.73797e+08
138,7.71956e+08
139,7.72684e+08
140,7.74677e+08
141,7.68912e+08
142,7.73141e+08
143,7.77385e+08
144,7.77512e+08
145,7.72577e+08
146,7.8066e+08
147,7.78717e+08
148,7.77821e+08
149,7.81327e+08
150,7.7476e+08
151,7.75454e+08
152,7.71793e+08
153,7.78242e+08
154,7.80729e+08
155,7.82208e+08
156,7.74805e+08
157,7.7905e+08
158,7.77885e+08
159,7.78345e+08
160,7.78408e+08
161,7.70868e+08
162,7.80362e+08
163,7.62339e+08
164,7.78219e+08
165,7.76034e+08
166,7.80235e+08
167,7.8704e+08
168,7.84959e+08
169,7.82538e+08
170,7.76831e+08
171,7.77484e+08
172,7.75141e+08
173,7.65807e+08
174,7.67476e+08
175,7.71912e+08
176,7.80949e+08
177,7.79723e+08
178,7.80415e+08
179,7.76273e+08
180,7.77253e+08
181,7.81225e+08
182,7.75497e+08
183,7.75774e+08
184,7.82524e+08
185,7.77746e+08
186,7.7586e+08
187,7.71108e+08
188,7.6571e+08
189,7.79828e+08
190,7.76255e+08
191,7.75711e+08
192,7.83678e+08
193,7.88106e+08
194,7.77865e+08
195,7.7514e+08
196,7.7698e+08
197,7.76318e+08
198,7.79918e+08
199,7.81353e+08
200,7.81783e+08
201,7.86193e+08
202,7.7953e+08
203,7.86872e+08
204,7.75379e+08
205,7.78439e+08
206,7.84189e+08
207,7.78099e+08
208,7.82009e+08
209,7.85572e+08
210,7.89109e+08
211,7.84983e+08
212,7.88457e+08
213,7.88215e+08
214,7.85166e+08
215,7.77442e+08
216,7.81702e+08
217,7.84295e+08
218,7.84962e+08
219,7.86868e+08
220,7.82654e+08
221,7.8255e+08
222,7.83144e+08
223,7.72902e+08
224,7.88209e+08
225,6.90354e+08
226,7.55591e+08
227,7.49995e+08
228,7.49564e+08
229,7.50024e+08
230,7.64723e+08
231,7.69495e+08
232,7.81855e+08
233,7.76561e+08
234,7.75033e+08
235,7.75468e+08
236,7.76516e+08
237,7.75247e+08
238,7.80334e+08
239,7.07024e+08
240,7.65979e+08
241,7.89698e+08
242,7.73147e+08
243,7.39708e+08
244,7.48694e+08
245,7.74175e+08
246,7.72022e+08
247,7.54173e+08
248,7.62269e+08
249,7.71104e+08
250,7.66722e+08
251,7.5857e+08
252,7.75154e+08
253,7.72946e+08
254,7.51675e+08
255,7.68532e+08
256,7.65904e+08
257,7.84911e+08
258,7.85941e+08
259,7.00805e+08
260,7.61614e+08
261,7.66594e+08
262,7.72884e+08
263,7.5658e+08
264,7.76467e+08
265,7.69053e+08
266,7.6035e+08
267,7.73586e+08
268,7.79682e+08
269,7.592e+08
270,7.48348e+08
271,7.8055e+08
272,7.84626e+08
273,7.82547e+08
274,7.79822e+08
275,7.70857e+08
276,7.70816e+08
277,7.51423e+08
278,7.71773e+08
279,7.72522e+08
280,7.6923e+08
281,7.81554e+08
282,7.11841e+08
283,7.67024e+08
284,7.66061e+08
285,7.86135e+08
286,7.79898e+08
287,7.68033e+08
288,7.84315e+08
289,7.30556e+08
290,7.69434e+08
291,7.86335e+08
292,7.85535e+08
293,7.7042e+08
294,7.75037e+08
295,7.81528e+08
296,7.91896e+08
297,7.71822e+08
298,7.82824e+08
299,7.91123e+08
300,7.85852e+08
301,7.82517e+08
302,7.76867e+08
303,7.75267e+08
304,7.74878e+08
305,7.73775e+08
306,7.81479e+08
307,7.86547e+08
308,7.50698e+08
309,7.80413e+08
310,7.52775e+08
311,7.74334e+08
312,7.61832e+08
313,7.74466e+08
314,7.63831e+08
315,7.64741e+08
316,7.64285e+08
317,7.73715e+08
318,7.76241e+08
319,7.7661e+08
320,7.83613e+08
321,7.77728e+08
322,7.71804e+08
323,7.73065e+08
324,7.83048e+08
325,7.75202e+08
326,7.70781e+08
327,7.76438e+08
328,7.79136e+08
329,7.75631e+08
330,7.71753e+08
331,7.71848e+08
332,7.74447e+08
333,7.71777e+08
334,7.69141e+08
335,7.64652e+08
336,7.77388e+08
337,7.77217e+08
338,7.81499e+08
339,7.78827e+08
340,7.75086e+08
341,7.772e+08
342,7.77352e+08
343,7.78894e+08
344,7.76471e+08
345,7.77158e+08
346,7.79018e+08
347,7.71742e+08
348,7.73557e+08
349,7.68469e+08
350,7.72793e+08
351,7.74725e+08
352,7.75169e+08
353,7.77069e+08
354,7.7195e+08
355,7.7599e+08
356,7.73428e+08
357,7.68844e+08
358,7.72424e+08
359,7.68438e+08
360,7.76506e+08
361,7.68252e+08
362,7.73637e+08
363,7.68e+08
364,7.5314e+08
365,7.62078e+08
366,7.55056e+08
367,7.72069e+08
368,7.71886e+08
369,7.73671e+08
370,7.73409e+08
371,7.75951e+08
372,7.69443e+08
373,7.73924e+08
374,7.71809e+08
375,7.71411e+08
376,7.75797e+08
377,7.7149e+08
378,7.76875e+08
379,7.73426e+08
380,7.73154e+08
381,7.72911e+08
382,7.74967e+08
383,7.69452e+08
384,7.74941e+08
385,7.73848e+08
386,7.73253e+08
387,7.7331e+08
388,7.72811e+08
389,7.72501e+08
390,7.74611e+08
391,7.60694e+08
392,7.57752e+08
393,7.56159e+08
394,7.57523e+08
395,7.62092e+08
396,7.63228e+08
397,7.59505e+08
398,7.59431e+08
399,7.63755e+08
400,7.62483e+08
401,7.63527e+08
402,7.59357e+08
403,7.58659e+08
404,7.58315e+08
405,7.51134e+08
406,7.62561e+08
407,7.46281e+08
408,7.63892e+08
409,7.60752e+08
410,7.6162e+08
411,7.63368e+08
412,7.6055e+08
413,7.61874e+08
414,7.64971e+08
415,7.62306e+08
416,7.62977e+08
417,7.62761e+08
418,7.58851e+08
419,7.37164e+08
420,7.49001e+08
421,7.58618e+08
422,7.62695e+08
423,7.6381e+08
424,7.71104e+08
425,7.71746e+08
426,7.74818e+08
427,7.73872e+08
428,7.732e+08
429,7.47897e+08
430,7.65528e+08
431,7.70192e+08
432,7.74481e+08
433,7.74241e+08
434,7.7354e+08
435,7.66394e+08
436,7.64959e+08
437,7.73098e+08
438,7.71601e+08
439,7.4997e+08
440,7.71744e+08
441,7.71042e+08
442,7.67176e+08
443,7.4199e+08
444,7.60069e+08
445,7.60016e+08
446,7.49265e+08
447,7.67415e+08
448,7.69987e+08
449,7.67181e+08
450,7.44228e+08
451,7.64731e+08
452,7.61188e+08
453,7.70485e+08
454,7.60576e+08
455,7.71294e+08
456,7.75788e+08
457,7.62654e+08
458,7.50837e+08
459,7.66327e+08
460,7.59392e+08
461,7.49446e+08
462,7.62574e+08
463,7.6086e+08
464,7.5165e+08
465,7.65381e+08
466,7.59494e+08
467,7.52229e+08
468,7.68244e+08
469,7.70354e+08
470,7.65184e+08
471,7.52418e+08
472,7.57441e+08
473,7.68424e+08
474,7.67308e+08
475,7.47378e+08
476,7.6028e+08
477,7.68527e+08
478,7.66505e+08
479,7.68921e+08
480,7.67987e+08
481,7.69161e+08
482,7.69759e+08
483,7.6983e+08
484,7.69963e+08
485,7.52385e+08
486,7.69831e+08
487,7.50893e+08
488,7.61071e+08
489,7.61408e+08
490,7.61784e+08
491,7.51708e+08
492,7.62289e+08
493,7.51234e+08
494,7.63582e+08
495,7.63253e+08
496,7.52557e+08
497,7.62765e+08
498,7.58816e+08
499,7.70624e+08
500,7.72137e+08
501,7.62569e+08
502,7.625e+08
503,7.71633e+08
504,7.71941e+08
505,7.70406e+08
506,7.70005e+08
507,7.64857e+08
508,7.7095e+08
509,7.70737e+08
510,7.72127e+08
511,7.7259e+08
512,7.74114e+08
